_pid,_asset_data.original_filename,_doi,title-1:title_sort_portion
cul:1c59zw3skd,pl41_-01_000r.tif,doi:10.7916/D87H329C,Leaf 000 - Recto
cul:mgqnk98v28,pl41_000_000v.tif,doi:10.7916/D8W96SX3,Leaf 000 - Verso
cul:ht76hdr9cr,pl41_001_001r.tif,doi:10.7916/D8RJ6282,Leaf 001 - Recto
cul:8931zcrkzc,pl41_002_001v.tif,doi:10.7916/D80Z8M3H,Leaf 001 - Verso
cul:9kd51c5cj6,pl41_003_002r.tif,doi:10.7916/D8H14JR1,Leaf 002 - Recto
cul:z612jm65k1,pl41_004_002v.tif,doi:10.7916/D8MS59KS,Leaf 002 - Verso
cul:0k6djh9xhs,pl41_005_003r.tif,doi:10.7916/D8QJ9137,Leaf 003 - Recto
cul:g1jwstqm93,pl41_006_003v.tif,doi:10.7916/D82V3ZWN,Leaf 003 - Verso
cul:xsj3tx97hh,pl41_007_004r.tif,doi:10.7916/D86H616F,Leaf 004 - Recto
cul:5dv41ns3bx,pl41_008_004v.tif,doi:10.7916/D8KS889M,Leaf 004 - Verso
cul:rbnzs7h5t4,pl41_009_005r.tif,doi:10.7916/D8V99RW2,Leaf 005 - Recto
cul:1c59zw3skf,pl41_010_005v.tif,doi:10.7916/D803088Z,Leaf 005 - Verso
cul:3r2280gcs3,pl41_011_006r.tif,doi:10.7916/D8B86RVG,Leaf 006 - Recto
cul:g79cnp5k8w,pl41_012_006v.tif,doi:10.7916/D8G17HJR,Leaf 006 - Verso
cul:fqz612jnw8,pl41_013_007r.tif,doi:10.7916/D8JT175S,Leaf 007 - Recto
cul:7m0cfxpqfg,pl41_014_007v.tif,doi:10.7916/D8989QTF,Leaf 007 - Verso
cul:s1rn8pk28t,pl41_015_008r.tif,doi:10.7916/D81V6XSQ,Leaf 008 - Recto
cul:c59zw3r3n4,pl41_016_008v.tif,doi:10.7916/D8TB2QQS,Leaf 008 - Verso
cul:7m0cfxpqfh,pl41_017_009r.tif,doi:10.7916/D8F20GFC,Leaf 009 - Recto
cul:7wm37pvp0m,pl41_018_009v.tif,doi:10.7916/D8Z33GHD,Leaf 009 - Verso
cul:hqbzkh1b02,pl41_019_010r.tif,doi:10.7916/D8PK1ZWQ,Leaf 010 - Recto
cul:jq2bvq850p,pl41_020_010v.tif,doi:10.7916/D85M7PG0,Leaf 010 - Verso
cul:n2z34tmr53,pl41_021_011r.tif,doi:10.7916/D8X36F8P,Leaf 011 - Recto
cul:8sf7m0chjf,pl41_022_011v.tif,doi:10.7916/D8NK4XRB,Leaf 011 - Verso
cul:r2280gb772,pl41_023_012r.tif,doi:10.7916/D8HT462V,Leaf 012 - Recto
cul:kd51c5b1gc,pl41_024_012v.tif,doi:10.7916/D8D23FDB,Leaf 012 - Verso
cul:tqjq2bvrtn,pl41_025_013r.tif,doi:10.7916/D8SB5PG2,Leaf 013 - Recto
cul:905qfttggp,pl41_026_013v.tif,doi:10.7916/D88D1D00,Leaf 013 - Verso
cul:kprr4xh01j,pl41_027_014r.tif,doi:10.7916/D84N0NCM,Leaf 014 - Recto
cul:hx3ffbg8vs,pl41_028_014v.tif,doi:10.7916/D80V9WKF,Leaf 014 - Verso
cul:2ngf1vhk9c,pl41_029_015r.tif,doi:10.7916/D8MK7WND,Leaf 015 - Recto
cul:m0cfxpnxhm,pl41_030_015v.tif,doi:10.7916/D8W39D2D,Leaf 015 - Verso
cul:f1vhhmgs7n,pl41_031_016r.tif,doi:10.7916/D87D4C0D,Leaf 016 - Recto
cul:8pk0p2nj0w,pl41_032_016v.tif,doi:10.7916/D8RB8NBP,Leaf 016 - Verso
cul:1ns1rn8r48,pl41_033_017r.tif,doi:10.7916/D8GT750C,Leaf 017 - Recto
cul:g79cnp5k8x,pl41_034_017v.tif,doi:10.7916/D83N3M6S,Leaf 017 - Verso
cul:mkkwh70tjx,pl41_035_018r.tif,doi:10.7916/D8C553MC,Leaf 018 - Recto
cul:7h44j0zqzf,pl41_036_018v.tif,doi:10.7916/D8ZW33NK,Leaf 018 - Verso
cul:5hqbzkh2tz,pl41_037_019r.tif,doi:10.7916/D8V42BX5,Leaf 019 - Recto
cul:gqnk98sgvd,pl41_038_019v.tif,doi:10.7916/D8QC1M8R,Leaf 019 - Verso
cul:rjdfn2z4t2,pl41_039_020r.tif,doi:10.7916/D8KM0VNC,Leaf 020 - Recto
cul:1vhhmgqq53,pl41_040_020v.tif,doi:10.7916/D86D79SQ,Leaf 020 - Verso
cul:4tmpg4f69j,pl41_041_021r.tif,doi:10.7916/D8XW62H6,Leaf 021 - Recto
cul:1c59zw3skg,pl41_042_021v.tif,doi:10.7916/D8B582JW,Leaf 021 - Verso
cul:fn2z34tp80,pl41_043_022r.tif,doi:10.7916/D82N6K0H,Leaf 022 - Recto
cul:vdncjsxngb,pl41_044_022v.tif,doi:10.7916/D8FX8T7G,Leaf 022 - Verso
cul:w9ghx3fgzc,pl41_045_023r.tif,doi:10.7916/D8PC4K68,Leaf 023 - Recto
cul:3ffbg79f8v,pl41_046_023v.tif,doi:10.7916/D81N9HVQ,Leaf 023 - Verso
cul:j9kd51c6x9,pl41_047_024r.tif,doi:10.7916/D8JQ2HSH,Leaf 024 - Recto
cul:stqjq2bx9x,pl41_048_024v.tif,doi:10.7916/D8T459VP,Leaf 024 - Verso
cul:0gb5mkkz28,pl41_049_025r.tif,doi:10.7916/D89611B5,Leaf 025 - Recto
cul:76hdr7ssdp,pl41_050_025v.tif,doi:10.7916/D8DZ1S5J,Leaf 025 - Verso
cul:98sf7m0f25,pl41_051_026r.tif,doi:10.7916/D85F08K0,Leaf 026 - Recto
cul:7wm37pvp0n,pl41_052_026v.tif,doi:10.7916/D8WW91G5,Leaf 026 - Verso
cul:ttdz08krc5,pl41_053_027r.tif,doi:10.7916/D8S77024,Leaf 027 - Recto
cul:d2547d7z97,pl41_054_027v.tif,doi:10.7916/D8CZ4R0Q,Leaf 027 - Verso
cul:1c59zw3skh,pl41_055_028r.tif,doi:10.7916/D8HQ5GSX,Leaf 028 - Recto
cul:n8pk0p2q3w,pl41_056_028v.tif,doi:10.7916/D886406S,Leaf 028 - Verso
cul:f7m0cfxr88,pl41_057_029r.tif,doi:10.7916/D8NG67FR,Leaf 029 - Recto
cul:2v6wwpzj6w,pl41_058_029v.tif,doi:10.7916/D84F37G2,Leaf 029 - Verso
cul:fqz612jnw9,pl41_059_030r.tif,doi:10.7916/D80P2GT7,Leaf 030 - Recto
cul:ffbg79cq8g,pl41_060_030v.tif,doi:10.7916/D8W10PN7,Leaf 030 - Verso
cul:pk0p2nggmw,pl41_061_031r.tif,doi:10.7916/D8R79Z1Q,Leaf 031 - Recto
cul:9p8cz8wc31,pl41_062_031v.tif,doi:10.7916/D8GQ8FJ6,Leaf 031 - Verso
cul:4tmpg4f69k,pl41_063_032r.tif,doi:10.7916/D83F66F1,Leaf 032 - Recto
cul:3r2280gcs4,pl41_064_032v.tif,doi:10.7916/D8ZS4D8Q,Leaf 032 - Verso
cul:w9ghx3fgzd,pl41_065_033r.tif,doi:10.7916/D8V13NM6,Leaf 033 - Recto
cul:j3tx95x7wq,pl41_066_033v.tif,doi:10.7916/D8766Z21,Leaf 033 - Verso
cul:3tx95x6c9c,pl41_067_034r.tif,doi:10.7916/D8MG96BT,Leaf 034 - Recto
cul:hqbzkh1b03,pl41_068_034v.tif,doi:10.7916/D8BZ7PS1,Leaf 034 - Verso
cul:w0vt4b8jfx,pl41_069_035r.tif,doi:10.7916/D8Q82WXX,Leaf 035 - Recto
cul:rr4xgxd3t2,pl41_070_035v.tif,doi:10.7916/D8T16MGT,Leaf 035 - Verso
cul:dz08kprss0,pl41_071_036r.tif,doi:10.7916/D82J7VM7,Leaf 036 - Recto
cul:kprr4xh01k,pl41_072_036v.tif,doi:10.7916/D8KH253N,Leaf 036 - Verso
cul:bnzs7h4626,pl41_073_037r.tif,doi:10.7916/D8669X0J,Leaf 037 - Recto
cul:18931zct4h,pl41_074_037v.tif,doi:10.7916/D8FR1DBG,Leaf 037 - Verso
cul:p2ngf1vk38,pl41_075_038r.tif,doi:10.7916/D8XS7C7P,Leaf 038 - Recto
cul:vhhmgqnmx4,pl41_076_038v.tif,doi:10.7916/D8P85VP6,Leaf 038 - Verso
cul:rv15dv4366,pl41_077_039r.tif,doi:10.7916/D8B00NM2,Leaf 039 - Recto
cul:ns1rn8pmmf,pl41_078_039v.tif,doi:10.7916/D8903MK1,Leaf 039 - Verso
cul:f4qrfj6rpc,pl41_079_040r.tif,doi:10.7916/D8WT0B2D,Leaf 040 - Recto
cul:866t1g1mfw,pl41_080_040v.tif,doi:10.7916/D8S19K8J,Leaf 040 - Verso
cul:3j9kd51dr2,pl41_081_041r.tif,doi:10.7916/D85B1K7K,Leaf 041 - Recto
cul:fxpnvx0mvn,pl41_082_041v.tif,doi:10.7916/D8JH53XD,Leaf 041 - Verso
cul:280gb5mn5h,pl41_083_042r.tif,doi:10.7916/D8DR4C7J,Leaf 042 - Recto
cul:x3ffbg7c0s,pl41_084_042v.tif,doi:10.7916/D8HH82S1,Leaf 042 - Verso
cul:v15dv41qf0,pl41_085_043r.tif,doi:10.7916/D81K0TM6,Leaf 043 - Recto
cul:5x69p8d0xp,pl41_086_043v.tif,doi:10.7916/D8N88THC,Leaf 043 - Verso
cul:h70rxwdd9z,pl41_087_044r.tif,doi:10.7916/D84B4J4N,Leaf 044 - Recto
cul:1ns1rn8r49,pl41_088_044v.tif,doi:10.7916/D8R22J38,Leaf 044 - Verso
cul:95x69p8fjg,pl41_089_045r.tif,doi:10.7916/D8CR7B52,Leaf 045 - Recto
cul:6m905qfwdp,pl41_090_045v.tif,doi:10.7916/D88358S2,Leaf 045 - Verso
cul:1jwstqjrn6,pl41_091_046r.tif,doi:10.7916/D80K3SCG,Leaf 046 - Recto
cul:73n5tb2sx6,pl41_092_046v.tif,doi:10.7916/D8M91SCJ,Leaf 046 - Verso
cul:h70rxwddb0,pl41_093_047r.tif,doi:10.7916/D8VT38T8,Leaf 047 - Recto
cul:vdncjsxngc,pl41_094_047v.tif,doi:10.7916/D8ZK70F2,Leaf 047 - Verso
cul:c2fqz61446,pl41_095_048r.tif,doi:10.7916/D8GJ11RJ,Leaf 048 - Recto
cul:9w0vt4bb33,pl41_096_048v.tif,doi:10.7916/D8K94RBH,Leaf 048 - Verso
cul:fn2z34tp81,pl41_097_049r.tif,doi:10.7916/D8TT67PW,Leaf 049 - Recto
cul:70rxwdbtdj,pl41_098_049v.tif,doi:10.7916/D87387R1,Leaf 049 - Verso
cul:8gtht76k04,pl41_099_050r.tif,doi:10.7916/D83B7GZD,Leaf 050 - Recto
cul:dfn2z34w8s,pl41_100_050v.tif,doi:10.7916/D8Q25H0B,Leaf 050 - Verso
cul:j9kd51c6xb,pl41_101_051r.tif,doi:10.7916/D8BV90DJ,Leaf 051 - Recto
cul:0vt4b8gw3g,pl41_102_051v.tif,doi:10.7916/D8FN2PZ6,Leaf 051 - Verso
cul:z612jm65k2,pl41_103_052r.tif,doi:10.7916/D82C0FRP,Leaf 052 - Recto
cul:g79cnp5k8z,pl41_104_052v.tif,doi:10.7916/D8P28FZW,Leaf 052 - Verso
cul:fj6q573prs,pl41_105_053r.tif,doi:10.7916/D8JD6DJJ,Leaf 053 - Recto
cul:mw6m905s1w,pl41_106_053v.tif,doi:10.7916/D8XK9Z8V,Leaf 053 - Verso
cul:0gb5mkkz29,pl41_107_054r.tif,doi:10.7916/D89W1ZB7,Leaf 054 - Recto
cul:3tx95x6c9d,pl41_108_054v.tif,doi:10.7916/D8ST96KZ,Leaf 054 - Verso
cul:d2547d7z98,pl41_109_055r.tif,doi:10.7916/D86416HV,Leaf 055 - Recto
cul:bnzs7h4627,pl41_110_055v.tif,doi:10.7916/D854459K,Leaf 055 - Verso
cul:f4qrfj6rpd,pl41_111_056r.tif,doi:10.7916/D8DN5NV8,Leaf 056 - Recto
cul:gtht76hgc0,pl41_112_056v.tif,doi:10.7916/D8HD9CHH,Leaf 056 - Verso
cul:3j9kd51dr3,pl41_113_057r.tif,doi:10.7916/D8RV25JG,Leaf 057 - Recto
cul:b2rbnzs93n,pl41_114_057v.tif,doi:10.7916/D81C3DKV,Leaf 057 - Verso
cul:66t1g1jzd8,pl41_115_058r.tif,doi:10.7916/D8WM2X5G,Leaf 058 - Recto
cul:r4xgxd26tb,pl41_116_058v.tif,doi:10.7916/D88W4X3H,Leaf 058 - Verso
cul:63xsj3tzvg,pl41_117_059r.tif,doi:10.7916/D8N6045W,Leaf 059 - Recto
cul:2280gb5p5p,pl41_118_059v.tif,doi:10.7916/D87W7VZQ,Leaf 059 - Verso
cul:2v6wwpzj6x,pl41_119_060r.tif,doi:10.7916/D8GF2B9S,Leaf 060 - Recto
cul:7wm37pvp0p,pl41_120_060v.tif,doi:10.7916/D8VQ4KDZ,Leaf 060 - Verso
cul:jdfn2z36dv,pl41_121_061r.tif,doi:10.7916/D8M6334V,Leaf 061 - Recto
cul:6q573n5vw3,pl41_122_061v.tif,doi:10.7916/D8447473,Leaf 061 - Verso
cul:rn8pk0p4br,pl41_123_062r.tif,doi:10.7916/D80C6CK8,Leaf 062 - Recto
cul:j9kd51c6xc,pl41_124_062v.tif,doi:10.7916/D8QZ3TR4,Leaf 062 - Verso
cul:9cnp5hqdkf,pl41_125_063r.tif,doi:10.7916/D8CN8MQW,Leaf 063 - Recto
cul:05qfttf0mr,pl41_126_063v.tif,doi:10.7916/D8FF593H,Leaf 063 - Verso
cul:j6q573n7fv,pl41_127_064r.tif,doi:10.7916/D86X0TTW,Leaf 064 - Recto
cul:5mkkwh72d3,pl41_128_064v.tif,doi:10.7916/D8BP1KJM,Leaf 064 - Verso
cul:sqv9s4mxwm,pl41_129_065r.tif,doi:10.7916/D8350355,Leaf 065 - Recto
cul:vx0k6djk01,pl41_130_065v.tif,doi:10.7916/D8TQ7JBG,Leaf 065 - Verso
cul:j0zpc868dt,pl41_131_066r.tif,doi:10.7916/D8ZG88ZF,Leaf 066 - Recto
cul:pzgmsbcdp4,pl41_132_066v.tif,doi:10.7916/D8K661WQ,Leaf 066 - Verso
cul:2rbnzs7jpq,pl41_133_067r.tif,doi:10.7916/D8PZ6SN6,Leaf 067 - Recto
cul:kd51c5b1gd,pl41_134_067v.tif,doi:10.7916/D8281RCT,Leaf 067 - Verso
cul:cz8w9ghzq4,pl41_135_068r.tif,doi:10.7916/D89P4JCS,Leaf 068 - Recto
cul:wpzgmsbf2v,pl41_136_068v.tif,doi:10.7916/D8XH1808,Leaf 068 - Verso
cul:xgxd25490g,pl41_137_069r.tif,doi:10.7916/D85X3SQZ,Leaf 069 - Recto
cul:nzs7h44knn,pl41_138_069v.tif,doi:10.7916/D8DF87ZQ,Leaf 069 - Verso
cul:z08kprr6kc,pl41_139_070r.tif,doi:10.7916/D8NZ9RFX,Leaf 070 - Recto
cul:fj6q573prt,pl41_140_070v.tif,doi:10.7916/D8J690PF,Leaf 070 - Verso
cul:8w9ghx3h3z,pl41_141_071r.tif,doi:10.7916/D8SR0H8J,Leaf 071 - Recto
cul:7m0cfxpqfj,pl41_142_071v.tif,doi:10.7916/D88P7HBR,Leaf 071 - Verso
cul:tht76hdsvs,pl41_143_072r.tif,doi:10.7916/D8WH46VG,Leaf 072 - Recto
cul:866t1g1mfx,pl41_144_072v.tif,doi:10.7916/D8184QBS,Leaf 072 - Verso
cul:866t1g1mfz,pl41_145_073r.tif,doi:10.7916/D8515G0M,Leaf 073 - Recto
cul:hqbzkh1b04,pl41_146_073v.tif,doi:10.7916/D8RR3G1T,Leaf 073 - Verso
cul:s1rn8pk28v,pl41_147_074r.tif,doi:10.7916/D8N02Q8Z,Leaf 074 - Recto
cul:n02v6wwrkt,pl41_148_074v.tif,doi:10.7916/D8H71ZJ7,Leaf 074 - Verso
cul:gtht76hgc1,pl41_149_075r.tif,doi:10.7916/D8CG16WS,Leaf 075 - Recto
cul:1g1jwsts4h,pl41_150_075v.tif,doi:10.7916/D87S95HB,Leaf 075 - Verso
cul:rjdfn2z4t3,pl41_151_076r.tif,doi:10.7916/D8418DW8,Leaf 076 - Recto
cul:tx95x69qx0,pl41_152_076v.tif,doi:10.7916/D8M05P51,Leaf 076 - Verso
cul:n8pk0p2q3x,pl41_153_077r.tif,doi:10.7916/D8VH75MR,Leaf 077 - Recto
cul:k3j9kd530n,pl41_154_077v.tif,doi:10.7916/D8087P4H,Leaf 077 - Verso
cul:7wm37pvp0q,pl41_155_078r.tif,doi:10.7916/D8G74XH6,Leaf 078 - Recto
cul:wm37pvmfgg,pl41_156_078v.tif,doi:10.7916/D8QR6DVK,Leaf 078 - Verso
cul:m0cfxpnxhn,pl41_157_079r.tif,doi:10.7916/D86T24H9,Leaf 079 - Recto
cul:79cnp5hrwp,pl41_158_079v.tif,doi:10.7916/D8BK2W49,Leaf 079 - Verso
cul:8cz8w9gkfq,pl41_159_080r.tif,doi:10.7916/D85T5391,Leaf 080 - Recto
cul:2v6wwpzj6z,pl41_160_080v.tif,doi:10.7916/D8224BHQ,Leaf 080 - Verso
cul:66t1g1jzd9,pl41_161_081r.tif,doi:10.7916/D8FB6KQ7,Leaf 081 - Recto
cul:xpnvx0k830,pl41_162_081v.tif,doi:10.7916/D8K08N3J,Leaf 081 - Verso
cul:fxpnvx0mvp,pl41_163_082r.tif,doi:10.7916/D8TJ04FG,Leaf 082 - Recto
cul:4mw6m90781,pl41_164_082v.tif,doi:10.7916/D8Z90W68,Leaf 082 - Verso
cul:v15dv41qf1,pl41_165_083r.tif,doi:10.7916/D89K5V2T,Leaf 083 - Recto
cul:37pvmcvg88,pl41_166_083v.tif,doi:10.7916/D8321CRF,Leaf 083 - Verso
cul:cnp5hqc15g,pl41_167_084r.tif,doi:10.7916/D8PR9CQ6,Leaf 084 - Recto
cul:hqbzkh1b05,pl41_168_084v.tif,doi:10.7916/D8X93V1F,Leaf 084 - Verso
cul:c866t1g348,pl41_169_085r.tif,doi:10.7916/D81279CB,Leaf 085 - Recto
cul:gf1vhhmj85,pl41_170_085v.tif,doi:10.7916/D84T8246,Leaf 085 - Verso
cul:qnk98sf98f,pl41_171_086r.tif,doi:10.7916/D8SJ33C0,Leaf 086 - Recto
cul:tdz08kptcn,pl41_172_086v.tif,doi:10.7916/D8NS2BRM,Leaf 086 - Verso
cul:vx0k6djk02,pl41_173_087r.tif,doi:10.7916/D88K8SWK,Leaf 087 - Recto
cul:3n5tb2rd7h,pl41_174_087v.tif,doi:10.7916/D8J40994,Leaf 087 - Verso
cul:m0cfxpnxhp,pl41_175_088r.tif,doi:10.7916/D8W96SZJ,Leaf 088 - Recto
cul:866t1g1mg0,pl41_176_088v.tif,doi:10.7916/D8DB9JP6,Leaf 088 - Verso
cul:80gb5mknh6,pl41_177_089r.tif,doi:10.7916/D8RJ629H,Leaf 089 - Recto
cul:zkh18933kc,pl41_178_089v.tif,doi:10.7916/D87M1RPV,Leaf 089 - Verso
cul:rxwdbrv2tj,pl41_179_090r.tif,doi:10.7916/D8H4389J,Leaf 090 - Recto
cul:8kprr4xjjt,pl41_180_090v.tif,doi:10.7916/D83V10ZH,Leaf 090 - Verso
cul:3bk3j9kfrz,pl41_181_091r.tif,doi:10.7916/D8MW40X6,Leaf 091 - Recto
cul:hx3ffbg8vt,pl41_182_091v.tif,doi:10.7916/D8CC2HHX,Leaf 091 - Verso
cul:4f4qrfj8cn,pl41_183_092r.tif,doi:10.7916/D803089D,Leaf 092 - Recto
cul:1jwstqjrn7,pl41_184_092v.tif,doi:10.7916/D8VD8G6F,Leaf 092 - Verso
cul:31zcrjdh84,pl41_185_093r.tif,doi:10.7916/D8BC5G9N,Leaf 093 - Recto
cul:g1jwstqm94,pl41_186_093v.tif,doi:10.7916/D86M4QKX,Leaf 093 - Verso
cul:f1vhhmgs7p,pl41_187_094r.tif,doi:10.7916/D8QN7QK2,Leaf 094 - Recto
cul:sbcc2fr0qk,pl41_188_094v.tif,doi:10.7916/D8Z625SX,Leaf 094 - Verso
cul:ghx3ffbhsx,pl41_189_095r.tif,doi:10.7916/D8G4674Q,Leaf 095 - Recto
cul:gb5mkkwjss,pl41_190_095v.tif,doi:10.7916/D8KW6ZWS,Leaf 095 - Verso
cul:mpg4f4qt3c,pl41_191_096r.tif,doi:10.7916/D8F495WK,Leaf 096 - Recto
cul:2v6wwpzj70,pl41_192_096v.tif,doi:10.7916/D82V3ZX3,Leaf 096 - Verso
cul:k3j9kd530p,pl41_193_097r.tif,doi:10.7916/D8PP0PH4,Leaf 097 - Recto
cul:cc2fqz62m0,pl41_194_097v.tif,doi:10.7916/D8TF1F4H,Leaf 097 - Verso
cul:79cnp5hrwq,pl41_195_098r.tif,doi:10.7916/D8JW9XPH,Leaf 098 - Recto
cul:3ffbg79f8w,pl41_196_098v.tif,doi:10.7916/D8X654RW,Leaf 098 - Verso
cul:cc2fqz62m1,pl41_197_099r.tif,doi:10.7916/D85M7PHF,Leaf 099 - Recto
cul:ttdz08krc6,pl41_198_099v.tif,doi:10.7916/D89C8F58,Leaf 099 - Verso
cul:n5tb2rbqk2,pl41_199_100r.tif,doi:10.7916/D81Z5N50,Leaf 100 - Recto
cul:tx95x69qx1,pl41_200_100v.tif,doi:10.7916/D80Z8M4Z,Leaf 100 - Verso
cul:fqz612jnwb,pl41_201_101r.tif,doi:10.7916/D88D1D1F,Leaf 101 - Recto
cul:tdz08kptcp,pl41_202_101v.tif,doi:10.7916/D8HX2WDW,Leaf 101 - Verso
cul:6hdr7sqwx1,pl41_203_102r.tif,doi:10.7916/D84Q9BRX,Leaf 102 - Recto
cul:d2547d7z99,pl41_204_102v.tif,doi:10.7916/D8W683MH,Leaf 102 - Verso
cul:brv15dv5nj,pl41_205_103r.tif,doi:10.7916/D8NP3N6H,Leaf 103 - Recto
cul:np5hqbzn39,pl41_206_103v.tif,doi:10.7916/D8SF4D1K,Leaf 103 - Verso
cul:1zcrjdfpp3,pl41_207_104r.tif,doi:10.7916/D8GX5V9Z,Leaf 104 - Recto
cul:qnk98sf98g,pl41_208_104v.tif,doi:10.7916/D83R29P0,Leaf 104 - Verso
cul:ncjsxkspn3,pl41_209_105r.tif,doi:10.7916/D8MP6M1P,Leaf 105 - Recto
cul:jm63xsj5g2,pl41_210_105v.tif,doi:10.7916/D8RF7BTW,Leaf 105 - Verso
cul:b8gtht782h,pl41_211_106r.tif,doi:10.7916/D8C553NT,Leaf 106 - Recto
cul:d7wm37px84,pl41_212_106v.tif,doi:10.7916/D8D524PV,Leaf 106 - Verso
cul:98sf7m0f26,pl41_213_107r.tif,doi:10.7916/D8001JZK,Leaf 107 - Recto
cul:5tb2rbp1bb,pl41_214_107v.tif,doi:10.7916/D87H32BT,Leaf 107 - Verso
cul:5dv41ns3bz,pl41_215_108r.tif,doi:10.7916/D8QG09M5,Leaf 108 - Recto
cul:fttdz08ncx,pl41_216_108v.tif,doi:10.7916/D8V712CB,Leaf 108 - Verso
cul:2bvq83bmt7,pl41_217_109r.tif,doi:10.7916/D82R58H5,Leaf 109 - Recto
cul:h44j0zpdvx,pl41_218_109v.tif,doi:10.7916/D86H617W,Leaf 109 - Verso
cul:d51c59zxp5,pl41_219_110r.tif,doi:10.7916/D8FX8T8X,Leaf 110 - Recto
cul:n02v6wwrkv,pl41_220_110v.tif,doi:10.7916/D8B86RWX,Leaf 110 - Verso
cul:brv15dv5nk,pl41_221_111r.tif,doi:10.7916/D8KP9JWW,Leaf 111 - Recto
cul:wh70rxwg0h,pl41_222_111v.tif,doi:10.7916/D8Z04RXF,Leaf 111 - Verso
cul:qfttdz0b4c,pl41_223_112r.tif,doi:10.7916/D8F20GGT,Leaf 112 - Recto
cul:sj3tx95zrm,pl41_224_112v.tif,doi:10.7916/D8HT4639,Leaf 112 - Verso
cul:sj3tx95zrn,pl41_225_113r.tif,doi:10.7916/D85H903H,Leaf 113 - Recto
cul:bg79cnp74n,pl41_226_113v.tif,doi:10.7916/D8JQ2HTZ,Leaf 113 - Verso
cul:sf7m0cg08b,pl41_227_114r.tif,doi:10.7916/D81R879W,Leaf 114 - Recto
cul:0cfxpnvzjm,pl41_228_114v.tif,doi:10.7916/D8989QVW,Leaf 114 - Verso
cul:1c59zw3skj,pl41_229_115r.tif,doi:10.7916/D8T7416H,Leaf 115 - Recto
cul:q2bvq83d6n,pl41_230_115v.tif,doi:10.7916/D8PG38GS,Leaf 115 - Verso
cul:5dv41ns3c0,pl41_231_116r.tif,doi:10.7916/D80S164M,Leaf 116 - Recto
cul:wm37pvmfgh,pl41_232_116v.tif,doi:10.7916/D8S7703K,Leaf 116 - Verso
cul:63xsj3tzvh,pl41_233_117r.tif,doi:10.7916/D84J1XW0,Leaf 117 - Recto
cul:hqbzkh1b06,pl41_234_117v.tif,doi:10.7916/D8NG67G6,Leaf 117 - Verso
cul:05qfttf0ms,pl41_235_118r.tif,doi:10.7916/D8W10PPP,Leaf 118 - Recto
cul:z34tmpg60n,pl41_236_118v.tif,doi:10.7916/D8X07QS2,Leaf 118 - Verso
cul:9w0vt4bb34,pl41_237_119r.tif,doi:10.7916/D8892PQ2,Leaf 119 - Recto
cul:dncjsxkv7s,pl41_238_119v.tif,doi:10.7916/D8D23FFS,Leaf 119 - Verso
cul:vdncjsxngd,pl41_239_120r.tif,doi:10.7916/D8C26D8Z,Leaf 120 - Recto
cul:rr4xgxd3t3,pl41_240_120v.tif,doi:10.7916/D8MK7WPV,Leaf 120 - Verso
cul:5x69p8d0xq,pl41_241_121r.tif,doi:10.7916/D8R79Z25,Leaf 121 - Recto
cul:wm37pvmfgj,pl41_242_121v.tif,doi:10.7916/D83J4WQ5,Leaf 121 - Verso
cul:gf1vhhmj86,pl41_243_122r.tif,doi:10.7916/D8795NFW,Leaf 122 - Recto
cul:cz8w9ghzq5,pl41_244_122v.tif,doi:10.7916/D8ZS4D95,Leaf 122 - Verso
cul:dv41ns1t9x,pl41_245_123r.tif,doi:10.7916/D8GT751T,Leaf 123 - Recto
cul:wh70rxwg0j,pl41_246_123v.tif,doi:10.7916/D8V42BZM,Leaf 123 - Verso
cul:pc866t1hm3,pl41_247_124r.tif,doi:10.7916/D8QC1M96,Leaf 124 - Recto
cul:jdfn2z36dw,pl41_248_124v.tif,doi:10.7916/D8B29C34,Leaf 124 - Verso
cul:c2fqz61447,pl41_249_125r.tif,doi:10.7916/D8FV03WK,Leaf 125 - Recto
cul:4j0zpc87s4,pl41_250_125v.tif,doi:10.7916/D8698MBZ,Leaf 125 - Verso
cul:bvq83bk56g,pl41_251_126r.tif,doi:10.7916/D8T459W4,Leaf 126 - Recto
cul:7d7wm37rg8,pl41_252_126v.tif,doi:10.7916/D8KM0VPT,Leaf 126 - Verso
cul:c59zw3r3n5,pl41_253_127r.tif,doi:10.7916/D82J7VNP,Leaf 127 - Recto
cul:dv41ns1t9z,pl41_254_127v.tif,doi:10.7916/D8XW62JN,Leaf 127 - Verso
cul:7d7wm37rg9,pl41_255_128r.tif,doi:10.7916/D8WW91HM,Leaf 128 - Recto
cul:v41ns1rpv8,pl41_256_128v.tif,doi:10.7916/D8DV32NV,Leaf 128 - Verso
cul:69p8cz8xvm,pl41_257_129r.tif,doi:10.7916/D8JM3TGJ,Leaf 129 - Recto
cul:xwdbrv172z,pl41_258_129v.tif,doi:10.7916/D8PC4K7Q,Leaf 129 - Verso
cul:9kd51c5cj7,pl41_259_130r.tif,doi:10.7916/D85B1K81,Leaf 130 - Recto
cul:fbg79cnqsk,pl41_260_130v.tif,doi:10.7916/D81N9HW5,Leaf 130 - Verso
cul:xksn02v8ht,pl41_261_131r.tif,doi:10.7916/D8S488TN,Leaf 131 - Recto
cul:qnk98sf98h,pl41_262_131v.tif,doi:10.7916/D89329XF,Leaf 131 - Verso
cul:9zw3r229mb,pl41_263_132r.tif,doi:10.7916/D8NC7J1F,Leaf 132 - Recto
cul:76hdr7ssdq,pl41_264_132v.tif,doi:10.7916/D8VX20D7,Leaf 132 - Verso
cul:7m0cfxpqfk,pl41_265_133r.tif,doi:10.7916/D8HM6S6C,Leaf 133 - Recto
cul:59zw3r23v1,pl41_266_133v.tif,doi:10.7916/D88358TH,Leaf 133 - Verso
cul:qv9s4mw87h,pl41_267_134r.tif,doi:10.7916/D80P2GVP,Leaf 134 - Recto
cul:p2ngf1vk39,pl41_268_134v.tif,doi:10.7916/D84F37HH,Leaf 134 - Verso
cul:m0cfxpnxhq,pl41_269_135r.tif,doi:10.7916/D8CV61G1,Leaf 135 - Recto
cul:stqjq2bx9z,pl41_270_135v.tif,doi:10.7916/D8R517KG,Leaf 135 - Verso
cul:41ns1rnb7x,pl41_271_136r.tif,doi:10.7916/D8MD0GSV,Leaf 136 - Recto
cul:ghx3ffbhsz,pl41_272_136v.tif,doi:10.7916/D8GM9R20,Leaf 136 - Verso
cul:1ns1rn8r4b,pl41_273_137r.tif,doi:10.7916/D8TX4Z6K,Leaf 137 - Recto
cul:wpzgmsbf2w,pl41_274_137v.tif,doi:10.7916/D8766Z3G,Leaf 137 - Verso
cul:2280gb5p5q,pl41_275_138r.tif,doi:10.7916/D8BV90F0,Leaf 138 - Recto
cul:q83bk3jc79,pl41_276_138v.tif,doi:10.7916/D8Q546C6,Leaf 138 - Verso
cul:nzs7h44knp,pl41_277_139r.tif,doi:10.7916/D8ZP5PZB,Leaf 139 - Recto
cul:6t1g1jwvdh,pl41_278_139v.tif,doi:10.7916/D83F66GG,Leaf 139 - Verso
cul:w6m905qhgj,pl41_279_140r.tif,doi:10.7916/D8KD3FNG,Leaf 140 - Recto
cul:2jm63xskq7,pl41_280_140v.tif,doi:10.7916/D8FN2Q02,Leaf 140 - Verso
cul:2rbnzs7jpr,pl41_281_141r.tif,doi:10.7916/D82F959N,Leaf 141 - Recto
cul:9ghx3ffd42,pl41_282_141v.tif,doi:10.7916/D8P5757T,Leaf 141 - Verso
cul:nzs7h44knq,pl41_283_142r.tif,doi:10.7916/D8SX7WZF,Leaf 142 - Recto
cul:0rxwdbrwps,pl41_284_142v.tif,doi:10.7916/D8XP8NQM,Leaf 142 - Verso
cul:gf1vhhmj87,pl41_285_143r.tif,doi:10.7916/D8669X10,Leaf 143 - Recto
cul:tx95x69qx2,pl41_286_143v.tif,doi:10.7916/D8B00NNH,Leaf 143 - Verso
cul:bzkh1894mk,pl41_287_144r.tif,doi:10.7916/D8JD6DK0,Leaf 144 - Recto
cul:3j9kd51dr4,pl41_288_144v.tif,doi:10.7916/D8RZ0VTM,Leaf 144 - Verso
cul:76hdr7ssdr,pl41_289_145r.tif,doi:10.7916/D81G242G,Leaf 145 - Recto
cul:cnp5hqc15h,pl41_290_145v.tif,doi:10.7916/D8DR4C80,Leaf 145 - Verso
cul:x3ffbg7c0t,pl41_291_146r.tif,doi:10.7916/D8903MMG,Leaf 146 - Recto
cul:r7sqv9s686,pl41_292_146v.tif,doi:10.7916/D8WQ1MJB,Leaf 146 - Verso
cul:2fqz612m7k,pl41_293_147r.tif,doi:10.7916/D8572VWR,Leaf 147 - Recto
cul:8w9ghx3h40,pl41_294_147v.tif,doi:10.7916/D8N6046B,Leaf 147 - Verso
cul:bg79cnp74p,pl41_295_148r.tif,doi:10.7916/D8HH82TG,Leaf 148 - Recto
cul:gtht76hgc2,pl41_296_148v.tif,doi:10.7916/D80G52W7,Leaf 148 - Verso
cul:qbzkh18bqn,pl41_297_149r.tif,doi:10.7916/D8475TN1,Leaf 149 - Recto
cul:v6wwpzgpcw,pl41_298_149v.tif,doi:10.7916/D8QZ3TSK,Leaf 149 - Verso
cul:tdz08kptcq,pl41_299_150r.tif,doi:10.7916/D8VQ4KFD,Leaf 150 - Recto
cul:ht76hdr9cs,pl41_300_150v.tif,doi:10.7916/D8M91SD0,Leaf 150 - Verso
cul:8pk0p2nj0x,pl41_301_151r.tif,doi:10.7916/D8806KFN,Leaf 151 - Recto
cul:vdncjsxngf,pl41_302_151v.tif,doi:10.7916/D8CR7B6H,Leaf 151 - Verso
cul:j6q573n7fw,pl41_303_152r.tif,doi:10.7916/D8ZG8909,Leaf 152 - Recto
cul:xksn02v8hv,pl41_304_152v.tif,doi:10.7916/D8GJ11S0,Leaf 152 - Verso
cul:2jm63xskq8,pl41_305_153r.tif,doi:10.7916/D8BS090S,Leaf 153 - Recto
cul:tqjq2bvrtp,pl41_306_153v.tif,doi:10.7916/D8709J6X,Leaf 153 - Verso
cul:qz612jm7rd,pl41_307_154r.tif,doi:10.7916/D8Q25H1S,Leaf 154 - Recto
cul:dfn2z34w8t,pl41_308_154v.tif,doi:10.7916/D8K94RCZ,Leaf 154 - Verso
cul:6hdr7sqwx2,pl41_309_155r.tif,doi:10.7916/D8TQ7JCX,Leaf 155 - Recto
cul:z08kprr6kd,pl41_310_155v.tif,doi:10.7916/D8378SFR,Leaf 155 - Verso
cul:79cnp5hrwr,pl41_311_156r.tif,doi:10.7916/D8FJ40NM,Leaf 156 - Recto
cul:tx95x69qx3,pl41_312_156v.tif,doi:10.7916/D8612H3J,Leaf 156 - Verso
cul:j9kd51c6xd,pl41_313_157r.tif,doi:10.7916/D89S37TJ,Leaf 157 - Recto
cul:dfn2z34w8v,pl41_314_157v.tif,doi:10.7916/D8ST96MD,Leaf 157 - Verso
cul:b8gtht782j,pl41_315_158r.tif,doi:10.7916/D8281RD8,Leaf 158 - Recto
cul:pvmcvdnf6w,pl41_316_158v.tif,doi:10.7916/D8P28G0R,Leaf 158 - Verso
cul:rbnzs7h5t5,pl41_317_159r.tif,doi:10.7916/D8XK9Z99,Leaf 159 - Recto
cul:gmsbcc2h9n,pl41_318_159v.tif,doi:10.7916/D88S66P5,Leaf 159 - Verso
cul:1vhhmgqq54,pl41_319_160r.tif,doi:10.7916/D8J97Q7K,Leaf 160 - Recto
cul:905qfttggq,pl41_320_160v.tif,doi:10.7916/D8DJ6ZFZ,Leaf 160 - Verso
cul:v9s4mw6nwc,pl41_321_161r.tif,doi:10.7916/D8515G12,Leaf 161 - Recto
cul:41ns1rnb7z,pl41_322_161v.tif,doi:10.7916/D81C3DM9,Leaf 161 - Verso
cul:n02v6wwrkw,pl41_323_162r.tif,doi:10.7916/D8RV25KX,Leaf 162 - Recto
cul:08kprr4zzw,pl41_324_162v.tif,doi:10.7916/D8WM2X6X,Leaf 162 - Verso
cul:dz08kprss1,pl41_325_163r.tif,doi:10.7916/D8N31DSM,Leaf 163 - Recto
cul:6djh9w0xft,pl41_326_163v.tif,doi:10.7916/D8HB0P0D,Leaf 163 - Verso
cul:jm63xsj5g3,pl41_327_164r.tif,doi:10.7916/D8CJ9X7P,Leaf 164 - Recto
cul:6t1g1jwvdj,pl41_328_164v.tif,doi:10.7916/D87S95JS,Leaf 164 - Verso
cul:w9ghx3fgzf,pl41_329_165r.tif,doi:10.7916/D844748J,Leaf 165 - Recto
cul:dv41ns1tb0,pl41_330_165v.tif,doi:10.7916/D80C6CMQ,Leaf 165 - Verso
cul:2ngf1vhk9d,pl41_331_166r.tif,doi:10.7916/D8VM5W4F,Leaf 166 - Recto
cul:8kprr4xjjv,pl41_332_166v.tif,doi:10.7916/D8M34CJW,Leaf 166 - Verso
cul:vt4b8gtkfs,pl41_333_167r.tif,doi:10.7916/D8QV54CN,Leaf 167 - Recto
cul:59zw3r23v2,pl41_334_167v.tif,doi:10.7916/D8GB3MT5,Leaf 167 - Verso
cul:r7sqv9s687,pl41_335_168r.tif,doi:10.7916/D8BK2W5R,Leaf 168 - Recto
cul:g79cnp5k90,pl41_336_168v.tif,doi:10.7916/D835036M,Leaf 168 - Verso
cul:mpg4f4qt3d,pl41_337_169r.tif,doi:10.7916/D8TM8TZ6,Leaf 169 - Recto
cul:05qfttf0mt,pl41_338_169v.tif,doi:10.7916/D8ZC9KRT,Leaf 169 - Verso
cul:70rxwdbtdk,pl41_339_170r.tif,doi:10.7916/D86X0TVB,Leaf 170 - Recto
cul:7h44j0zqzg,pl41_340_170v.tif,doi:10.7916/D8K37BDH,Leaf 170 - Verso
cul:rfj6q575bc,pl41_341_171r.tif,doi:10.7916/D8PV835C,Leaf 171 - Recto
cul:dfn2z34w8w,pl41_342_171v.tif,doi:10.7916/D8FB6KRP,Leaf 171 - Verso
cul:j0zpc868dv,pl41_343_172r.tif,doi:10.7916/D85X3SRD,Leaf 172 - Recto
cul:gxd2547fvj,pl41_344_172v.tif,doi:10.7916/D89P4JD7,Leaf 172 - Verso